{
    "mean_squared_error": 0.7345317602157593,
    "r2_score": 0.26611143350601196
}